Gen,Time
0,1.182811E9
1,6.84549E8
2,7.10498E8
3,8.79659E8
4,6.00483E8
5,7.07354E8
6,6.93639E8
7,6.41943E8
8,5.50044E8
9,5.93067E8
10,6.43831E8
